--
-- PostgreSQL database dump
--

\restrict zoCpV8OHxo9buwcgHfSgUu3iewTZn88Um5n6fz9GzC7FUTQyiaSRRoLjcCQhuUg

-- Dumped from database version 17.10
-- Dumped by pg_dump version 17.10

SET statement_timeout = 0;
SET lock_timeout = 0;
SET idle_in_transaction_session_timeout = 0;
SET transaction_timeout = 0;
SET client_encoding = 'UTF8';
SET standard_conforming_strings = on;
SELECT pg_catalog.set_config('search_path', '', false);
SET check_function_bodies = false;
SET xmloption = content;
SET client_min_messages = warning;
SET row_security = off;

--
-- Data for Name: audit_log; Type: TABLE DATA; Schema: public; Owner: -
--

INSERT INTO public.audit_log VALUES
	(33, 'pay', 'receivables', 'Payment #154: +18767.04 = 18767.04/18767.04', 1, '2026-06-08 08:47:33'),
	(34, 'add', 'meters', 'Added 999', 1, '2026-06-30 00:21:35'),
	(35, 'add', 'customers', 'New: ????', 1, '2026-06-30 00:21:35'),
	(36, 'create', 'receivables', 'AR: [999] 2026-06 500', 1, '2026-06-30 00:23:29'),
	(37, 'deactivate', 'meters', '999 -> inactive', 1, '2026-06-30 00:24:59'),
	(38, 'reactivate', 'meters', '999 -> active', 1, '2026-06-30 00:25:00'),
	(39, 'unlink', 'customer_meters', 'Unlinked #169', 1, '2026-06-30 00:25:00'),
	(40, 'pay', 'receivables', 'Payment #156: +50 = 50.0/100.0', 1, '2026-06-30 00:27:12'),
	(41, 'add', 'meters', 'Added test002', 1, '2026-06-30 00:35:43'),
	(42, 'update', 'meters', 'Updated test002', 1, '2026-06-30 00:35:47'),
	(43, 'deactivate', 'meters', 'test002 -> inactive', 1, '2026-06-30 00:35:49'),
	(44, 'reactivate', 'meters', 'test002 -> active', 1, '2026-06-30 00:35:51'),
	(45, 'add', 'customers', 'New: TestCustomer', 1, '2026-06-30 00:35:53'),
	(46, 'unlink', 'customer_meters', 'Unlinked #2', 1, '2026-06-30 00:36:01'),
	(47, 'create', 'receivables', 'AR: [test002] 2026-06 300', 1, '2026-06-30 00:36:03');


--
-- Data for Name: customer_meters; Type: TABLE DATA; Schema: public; Owner: -
--

INSERT INTO public.customer_meters VALUES
	(282, 91, '1100002328822', '2026-06', NULL, NULL),
	(283, 93, '1150000031728', '2026-06', NULL, NULL),
	(284, 94, '1100018893364', '2026-06', NULL, NULL),
	(285, 96, '1101044904893', '2026-06', NULL, NULL),
	(286, 100, '1101044904893', '2026-06', NULL, NULL),
	(287, 101, '1101044904893', '2026-06', NULL, NULL),
	(288, 102, '1101044904893', '2026-06', NULL, NULL),
	(289, 106, '1150000031728', '2026-06', NULL, NULL),
	(290, 107, '1100002330237', '2026-06', NULL, NULL),
	(291, 166, '1100002328830', '2026-06', NULL, NULL),
	(292, 112, '1100002541365', '2026-06', NULL, NULL),
	(293, 113, '1100002330237', '2026-06', NULL, NULL),
	(294, 114, '1100002332194', '2026-06', NULL, NULL),
	(295, 115, '1100021250297', '2026-06', NULL, NULL),
	(296, 116, '1150001507674', '2026-06', NULL, NULL),
	(297, 117, '1100002328736', '2026-06', NULL, NULL),
	(298, 120, '1150000031728', '2026-06', NULL, NULL),
	(299, 121, '1100002396187', '2026-06', NULL, NULL),
	(300, 123, '1100021531196', '2026-06', NULL, NULL),
	(301, 124, '1150000031728', '2026-06', NULL, NULL),
	(302, 126, '1100002328769', '2026-06', NULL, NULL),
	(303, 127, '1100002332001', '2026-06', NULL, NULL),
	(304, 128, '1100015091808', '2026-06', NULL, NULL),
	(305, 130, '1100002332420', '2026-06', NULL, NULL),
	(306, 131, '1100002328794', '2026-06', NULL, NULL),
	(307, 132, '1150000031728', '2026-06', NULL, NULL),
	(308, 133, '1100002332537', '2026-06', NULL, NULL),
	(309, 134, '1100018893364', '2026-06', NULL, NULL),
	(310, 167, '1100003214972', '2026-06', NULL, NULL),
	(311, 165, '1100002330254', '2026-06', NULL, NULL),
	(312, 135, '1100002328794', '2026-06', NULL, NULL),
	(313, 136, '1100002327018', '2026-06', NULL, NULL),
	(314, 136, '1101036948784', '2026-06', NULL, NULL),
	(315, 137, '1100002332814', '2026-06', NULL, NULL),
	(316, 139, '1150000031728', '2026-06', NULL, NULL),
	(317, 140, '1100002330254', '2026-06', NULL, NULL),
	(318, 142, '1100007811119', '2026-06', NULL, NULL),
	(319, 143, '1100002394363', '2026-06', NULL, NULL),
	(320, 146, '1100002332001', '2026-06', NULL, NULL),
	(321, 147, '1100002330250', '2026-06', NULL, NULL),
	(322, 148, '1150000031728', '2026-06', NULL, NULL),
	(323, 149, '1100002541365', '2026-06', NULL, NULL),
	(324, 150, '1150000031728', '2026-06', NULL, NULL),
	(325, 153, '1150000031728', '2026-06', NULL, NULL),
	(326, 154, '1100002541365', '2026-06', NULL, NULL),
	(327, 155, '1100002330237', '2026-06', NULL, NULL),
	(328, 156, '1100002332420', '2026-06', NULL, NULL),
	(329, 157, '1100002394363', '2026-06', NULL, NULL),
	(330, 159, '1100002330237', '2026-06', NULL, NULL),
	(331, 162, '1150000031728', '2026-06', NULL, NULL),
	(332, 168, '1100004223405', '2026-06', NULL, NULL),
	(333, 169, '999', '', NULL, ''),
	(334, 170, 'test002', '', NULL, '');


--
-- Data for Name: customers; Type: TABLE DATA; Schema: public; Owner: -
--

INSERT INTO public.customers VALUES
	(91, '东明兴业科技股份有限公司', 1, '2026-05-13 18:21:05'),
	(93, '中固时代（北京）新能源科技有限公司', 1, '2026-05-13 18:21:05'),
	(94, '中国建设银行股份有限公司北京市分行', 1, '2026-05-13 18:21:05'),
	(96, '中国科学院力学研究所（梯度仪）', 1, '2026-05-13 18:21:05'),
	(100, '中科星动力（北京）科技有限公司', 1, '2026-05-13 18:21:05'),
	(101, '中科艾科米（北京）科技有限公司', 1, '2026-05-13 18:21:05'),
	(102, '中科量仪（北京）科技有限公司', 1, '2026-05-13 18:21:05'),
	(106, '北京丘比食品有限公司', 1, '2026-05-13 18:21:05'),
	(107, '北京中歆源生物科技有限公司', 1, '2026-05-13 18:21:05'),
	(112, '北京卓瑞盈科技发展有限公司', 1, '2026-05-13 18:21:05'),
	(113, '北京博瑞卫生消毒服务有限公司', 1, '2026-05-13 18:21:05'),
	(114, '北京叁参研学科技有限公司', 1, '2026-05-13 18:21:05'),
	(115, '北京品恩智赋安防科技服务有限公司', 1, '2026-05-13 18:21:05'),
	(116, '北京固芯能源科技有限公司', 1, '2026-05-13 18:21:05'),
	(117, '北京国际建设集团有限公司', 1, '2026-05-13 18:21:05'),
	(120, '北京大华博科智能科技有限公司', 1, '2026-05-13 18:21:05'),
	(121, '北京安泰保安服务有限公司', 1, '2026-05-13 18:21:05'),
	(123, '北京建工集团有限责任公司', 1, '2026-05-13 18:21:05'),
	(124, '北京怀柔北珂新能源科技有限公司', 1, '2026-05-13 18:21:05'),
	(126, '北京怀柔鑫世纪职业技能培训学校', 1, '2026-05-13 18:21:05'),
	(127, '北京怀羽体育俱乐部', 1, '2026-05-13 18:21:05'),
	(128, '北京悠智航宇科技有限公司', 1, '2026-05-13 18:21:05'),
	(130, '北京明扬速达运输有限公司', 1, '2026-05-13 18:21:05'),
	(131, '北京明萌建筑工程有限责任公司', 1, '2026-05-13 18:21:05'),
	(132, '北京星鑫科技有限公司', 1, '2026-05-13 18:21:05'),
	(133, '北京春风药业有限公司', 1, '2026-05-13 18:21:05'),
	(134, '北京普麟淇贸易有限公司', 1, '2026-05-13 18:21:05'),
	(135, '北京清平乐科技发展有限公司', 1, '2026-05-13 18:21:05'),
	(136, '北京源都宏业物流有限公司怀柔分公司', 1, '2026-05-13 18:21:05'),
	(137, '北京炎和科技有限公司', 1, '2026-05-13 18:21:05'),
	(139, '北京瑞成医疗器械有限公司', 1, '2026-05-13 18:21:05'),
	(140, '北京科卫临床诊断试剂有限公司', 1, '2026-05-13 18:21:05'),
	(142, '北京聚火空间体育文化发展有限公司', 1, '2026-05-13 18:21:05'),
	(143, '北京航宇恒先科技有限公司', 1, '2026-05-13 18:21:05'),
	(146, '北京金鑫龙汽车配件制造有限公司', 1, '2026-05-13 18:21:05'),
	(147, '北京钽钛精密科技有限公司', 1, '2026-05-13 18:21:05'),
	(148, '北京鼎味晟兴餐饮管理有限公司', 1, '2026-05-13 18:21:05'),
	(149, '北自(北京)检测科技发展有限公司', 1, '2026-05-13 18:21:05'),
	(150, '国标（北京）检验认证有限公司', 1, '2026-05-13 18:21:05'),
	(153, '国联汽车动力电池研究院有限责任公司', 1, '2026-05-13 18:21:05'),
	(154, '有研工程技术研究院有限公司', 1, '2026-05-13 18:21:05'),
	(155, '本然天地医疗科技（北京）有限公司', 1, '2026-05-13 18:21:05'),
	(156, '毅远（北京）国际供应链管理有限公司', 1, '2026-05-13 18:21:05'),
	(157, '海普欧泰克液压设备（北京）股份有限公司', 1, '2026-05-13 18:21:05'),
	(159, '耐柯森（北京）工业技术有限公司', 1, '2026-05-13 18:21:05'),
	(162, '虚壹静几科技（北京）有限公司', 1, '2026-05-13 18:21:05'),
	(165, '北京桃李体育发展有限公司', 1, '2026-06-06 18:22:29'),
	(166, '北京人民艺术剧院', 1, '2026-06-06 18:22:29'),
	(167, '北京机科国创轻量化研究院有限公司', 1, '2026-06-06 18:28:47'),
	(168, '北京市怀柔区青苗学校', 1, '2026-06-07 19:28:10'),
	(169, '????', 1, '2026-06-30 00:21:35'),
	(170, 'TestCustomer', 1, '2026-06-30 00:35:53');


--
-- Data for Name: meters; Type: TABLE DATA; Schema: public; Owner: -
--

INSERT INTO public.meters VALUES
	('[1100002394739]', '路灯（诚一路口）', '过户删除', '长城伟业', 'active', 1, '2026-05-01 19:39:02', '2026-05-01 19:39:02'),
	('[1100002394740]', '路灯（四维南）', '过户删除', '长城伟业', 'active', 1, '2026-05-01 19:39:02', '2026-05-01 19:39:02'),
	('[1100002394741]', '路灯（行政大厅南）', '过户删除', '长城伟业', 'active', 1, '2026-05-01 19:39:02', '2026-05-01 19:39:02'),
	('[1100002394742]', '路灯（东明红绿灯）', '过户删除', '长城伟业', 'active', 1, '2026-05-01 19:39:02', '2026-05-01 19:39:02'),
	('[1100002394743]', '路灯（诚泰东侧）', '过户删除', '长城伟业', 'active', 1, '2026-05-01 19:39:02', '2026-05-01 19:39:02'),
	('[1100002396177]', '路灯（水厂路口北侧）', '过户删除', '长城伟业', 'active', 1, '2026-05-01 19:39:02', '2026-05-01 19:39:02'),
	('[1100002396178]', '路灯（喇叭沟门企业门口）', '过户删除', '长城伟业', 'active', 1, '2026-05-01 19:39:02', '2026-05-01 19:39:02'),
	('[1100002396187]', '胜利村委会（保安公司）', '企业使用', '长城伟业', 'active', 1, '2026-05-01 19:39:02', '2026-05-01 19:39:02'),
	('[1100002397175]', '路灯（大北农门口）', '过户删除', '长城伟业', 'active', 1, '2026-05-01 19:39:02', '2026-05-01 19:39:02'),
	('[1100002397279]', '路灯（碧水源西侧）', '过户删除', '长城伟业', 'active', 1, '2026-05-01 19:39:02', '2026-05-01 19:39:02'),
	('[1100002397280]', '路灯（六必居南）', '过户删除', '长城伟业', 'active', 1, '2026-05-01 19:39:02', '2026-05-01 19:39:02'),
	('[1100002397281]', '路灯(热力中心北)', '过户删除', '长城伟业', 'active', 1, '2026-05-01 19:39:02', '2026-05-01 19:39:02'),
	('[1100002397282]', '路灯（清畅电力北）', '过户删除', '长城伟业', 'active', 1, '2026-05-01 19:39:02', '2026-05-01 19:39:02'),
	('[1100002397283]', '路灯（管委会西）', '过户删除', '长城伟业', 'active', 1, '2026-05-01 19:39:02', '2026-05-01 19:39:02'),
	('[1100002397284]', '路灯（管委会东）', '过户删除', '长城伟业', 'active', 1, '2026-05-01 19:39:02', '2026-05-01 19:39:02'),
	('[1100002541365]', '奥瑞金厂房（有研院）', '企业使用', '长城伟业', 'active', 1, '2026-05-01 19:39:02', '2026-05-01 19:39:02'),
	('[1100002673833]', '路灯（杨雁路与北大街路口）', '过户删除', '长城伟业', 'active', 1, '2026-05-01 19:39:02', '2026-05-01 19:39:02'),
	('[1100003228177]', '长城伟业办公楼（市场交易）', '企业使用', '长城伟业', 'active', 1, '2026-05-01 19:39:02', '2026-05-01 19:39:02'),
	('[1100007811119]', 'C区路口（聚火运动）', '企业使用', '长城伟业', 'active', 1, '2026-05-01 19:39:02', '2026-05-01 19:39:02'),
	('[1100008731441]', '沙河路（中科佰能）', '企业使用', '长城伟业', 'active', 1, '2026-05-01 19:39:02', '2026-05-01 19:39:02'),
	('[1100015091808]', '福利华厂房', '企业使用', '长城伟业', 'active', 1, '2026-05-01 19:39:02', '2026-05-01 19:39:02'),
	('[1100015667289]', '路灯（南大门西侧）', '过户删除', '长城伟业', 'active', 1, '2026-05-01 19:39:02', '2026-05-01 19:39:02'),
	('[1100016024351]', '雁阳汽配', '无人使用', '长城伟业', 'active', 1, '2026-05-01 19:39:02', '2026-05-01 19:39:02'),
	('[1100018893364]', '警务工作站（建行、普麟淇）', '企业使用', '长城伟业', 'active', 1, '2026-05-01 19:39:02', '2026-05-01 19:39:02'),
	('[1100021250297]', '瑞奥电气（品恩）', '企业使用', '长城伟业', 'active', 1, '2026-05-01 19:39:02', '2026-05-01 19:39:02'),
	('[1100021531196]', '博萨北厂（建工）（市场交易）', '企业使用', '长城伟业', 'active', 1, '2026-05-01 19:39:02', '2026-05-01 19:39:02'),
	('[1101002365597]', '创业园（市场交易）', '别人负责', '长城伟业', 'active', 1, '2026-05-01 19:39:02', '2026-05-01 19:39:02'),
	('[1101020624030]', '河防口(LED屏)低压', '低压', '长城伟业', 'active', 1, '2026-05-01 19:39:02', '2026-05-01 19:39:02'),
	('[1101036948784]', '众达特', '企业使用', '长城伟业', 'active', 1, '2026-05-01 19:39:02', '2026-05-01 19:39:02'),
	('[1101039508361]', '古诺凡希', '无人使用', '长城伟业', 'active', 1, '2026-05-01 19:39:02', '2026-05-01 19:39:02'),
	('[1101044904893]', '碳纳米管厂房（市场交易）', '企业使用', '长城伟业', 'active', 1, '2026-05-01 19:39:02', '2026-05-01 19:39:02'),
	('[1101046808054]', '路灯（京密北五街与东二路）', '过户删除', '长城伟业', 'active', 1, '2026-05-01 19:39:02', '2026-05-01 19:39:02'),
	('[1101046808067]', '路灯（京密北二街与东一路）', '过户删除', '长城伟业', 'active', 1, '2026-05-01 19:39:02', '2026-05-01 19:39:02'),
	('[1101046808126]', '路灯（京密北四街与东一路）', '过户删除', '长城伟业', 'active', 1, '2026-05-01 19:39:02', '2026-05-01 19:39:02'),
	('[1101046808201]', '路灯（京密北二街与西一路）', '过户删除', '长城伟业', 'active', 1, '2026-05-01 19:39:02', '2026-05-01 19:39:02'),
	('[1101046808230]', '路灯（京密北三街与东二路）', '过户删除', '长城伟业', 'active', 1, '2026-05-01 19:39:02', '2026-05-01 19:39:02'),
	('[1101050351034]', '古诺凡希', '无人使用', '长城伟业', 'active', 1, '2026-05-01 19:39:02', '2026-05-01 19:39:02'),
	('[1101065890520]', '人才服务中心（市场交易）', '企业使用', '长城伟业', 'active', 1, '2026-05-01 19:39:02', '2026-05-01 19:39:02'),
	('[1101073155026]', '晨益药业（缴费户）', '无人使用', '长城伟业', 'active', 1, '2026-05-01 19:39:02', '2026-05-01 19:39:02'),
	('[1150000006960]', '晟通供暖站', '无人使用', '长城伟业', 'active', 1, '2026-05-01 19:39:02', '2026-05-01 19:39:02'),
	('[1150000016239]', '刮拉瓶盖', '电费过户', '长城伟业', 'active', 1, '2026-05-01 19:39:02', '2026-05-01 19:39:02'),
	('[1100003214972]', '东1-2号厂房', '企业使用', '长城伟业', 'active', 1, '2026-05-01 19:39:02', '2026-05-01 19:39:02'),
	('[1100002328797]', '丰顺华达（原植保机械厂）', '无人使用', '丰顺华达', 'active', 1, '2026-05-01 19:39:02', '2026-05-01 19:39:02'),
	('[1100004223405]', '雁栖创惠（青苗学校）', '企业使用', '创惠', 'active', 1, '2026-05-01 19:39:02', '2026-05-01 19:39:02'),
	('[1100011609719]', '雁栖地产（林语）', '无人使用', '房地产', 'active', 1, '2026-05-01 19:39:02', '2026-05-01 19:39:02'),
	('[1101068916180]', '雁栖地产（栖美园公寓）', '别人负责', '房地产', 'active', 1, '2026-05-01 19:39:02', '2026-05-01 19:39:02'),
	('[1150000031728]', '雁栖中诚（二商配电室）中诚交', '企业使用', '雁栖中诚', 'active', 1, '2026-05-01 19:39:02', '2026-05-01 19:39:02'),
	('[1150001507674]', '威亚厂房（固芯能源）中诚交', '企业使用', '雁栖中诚', 'active', 1, '2026-05-01 19:39:02', '2026-05-01 19:39:02'),
	('[1100002153369]', '胜利苗圃（密云）', '无人使用', '长城伟业', 'active', 1, '2026-05-01 19:39:02', '2026-05-01 19:39:02'),
	('[1100002330254]', '热力西站', '别人负责', '长城伟业', 'active', 1, '2026-05-01 19:39:02', '2026-05-01 19:39:02'),
	('1100002327018', '众达特315', '企业使用', '长城伟业', 'active', 1, '2026-05-13 18:18:00', '2026-05-13 18:48:45'),
	('1100002328736', '大型轮胎厂（建工青年公寓）', '企业使用', '长城伟业', 'active', 1, '2026-05-13 18:18:00', '2026-05-13 18:48:45'),
	('1100002328763', '路灯（沥青厂路口）', '过户删除', '长城伟业', 'active', 1, '2026-05-13 18:18:00', '2026-05-13 18:48:45'),
	('1100002328768', '益客兴盛', '无人使用', '长城伟业', 'active', 1, '2026-05-13 18:18:00', '2026-05-13 18:48:45'),
	('1100002328769', '有研粉末（鑫世纪学校）', '企业使用', '长城伟业', 'active', 1, '2026-05-13 18:18:00', '2026-05-13 18:48:45'),
	('1100002328770', '雁阳汽配（城建中联康施工用）', '企业使用', '长城伟业', 'active', 1, '2026-05-13 18:18:00', '2026-05-13 18:48:45'),
	('1100002328794', '天威院外（清平乐、明萌）', '企业使用', '长城伟业', 'active', 1, '2026-05-13 18:18:00', '2026-05-13 18:48:45'),
	('1100002328822', '金台有色（东明）', '企业使用', '长城伟业', 'active', 1, '2026-05-13 18:18:00', '2026-05-13 18:48:45'),
	('1100002328830', '古诺凡希配电室', '无人使用', '长城伟业', 'active', 1, '2026-05-13 18:18:00', '2026-05-13 18:48:45'),
	('1100002328845', '飞勇科技', '企业使用', '长城伟业', 'active', 1, '2026-05-13 18:18:00', '2026-05-13 18:48:45'),
	('1100002328848', '凯利特（市场交易）', '别人负责', '长城伟业', 'active', 1, '2026-05-13 18:18:00', '2026-05-13 18:48:45'),
	('1100002330237', '四维厂房（耐克森）', '企业使用', '长城伟业', 'active', 1, '2026-05-13 18:18:00', '2026-05-13 18:48:45'),
	('1100002330248', '雁栖园小区', '企业使用', '长城伟业', 'active', 1, '2026-05-13 18:18:00', '2026-05-13 18:48:45'),
	('1100002330249', '波尔亚太', '无人使用', '长城伟业', 'active', 1, '2026-05-13 18:18:00', '2026-05-13 18:48:45'),
	('1100002330250', '吉斯（钽钛）', '企业使用', '长城伟业', 'active', 1, '2026-05-13 18:18:00', '2026-05-13 18:48:45'),
	('1100002330253', '路灯（创业中心前）', '过户删除', '长城伟业', 'active', 1, '2026-05-13 18:18:00', '2026-05-13 18:48:45'),
	('1100002332001', '圣尼斯厂房（金鑫龙、怀羽）市场交易', '企业使用', '长城伟业', 'active', 1, '2026-05-13 18:18:00', '2026-05-13 18:48:45'),
	('1100002332122', '威亚厂房（固芯能源）（伟业）', '企业使用', '长城伟业', 'active', 1, '2026-05-13 18:18:00', '2026-05-13 18:48:45'),
	('1100002332194', '高山厂房（叁参）', '企业使用', '长城伟业', 'active', 1, '2026-05-13 18:18:00', '2026-05-13 18:48:45'),
	('1100002332339', '祥雨汽配（祝成物业）', '企业使用', '长城伟业', 'active', 1, '2026-05-13 18:18:00', '2026-05-13 18:48:45'),
	('1100002332420', '奇跃橡塑（晶达国际）', '企业使用', '长城伟业', 'active', 1, '2026-05-13 18:18:00', '2026-05-13 18:48:45'),
	('1100002332537', '亚洲泵业（春风药业）（市场交易）', '企业使用', '长城伟业', 'active', 1, '2026-05-13 18:18:00', '2026-05-13 18:48:45'),
	('1100002332545', '坤钢厂房', '企业使用', '长城伟业', 'active', 1, '2026-05-13 18:18:00', '2026-05-13 18:48:45'),
	('1100002332814', '二商厂房630kVA（蒙毅、北珂、瑞成）', '企业使用', '长城伟业', 'active', 1, '2026-05-13 18:18:00', '2026-05-13 18:48:45'),
	('1100002332837', '路灯（水厂路口）', '过户删除', '长城伟业', 'active', 1, '2026-05-13 18:18:00', '2026-05-13 18:48:45'),
	('1100002332855', '路灯（乐园大街东段）', '过户删除', '长城伟业', 'active', 1, '2026-05-13 18:18:00', '2026-05-13 18:48:45'),
	('1100002333024', '路灯（乐园大街西段）', '过户删除', '长城伟业', 'active', 1, '2026-05-13 18:18:00', '2026-05-13 18:48:45'),
	('1100002333296', '汤河口企业（中科长剑、）', '企业使用', '长城伟业', 'active', 1, '2026-05-13 18:18:00', '2026-05-13 18:48:45'),
	('1100002394363', '7、8、9号厂房（市场交易）', '企业使用', '长城伟业', 'active', 1, '2026-05-13 18:18:00', '2026-05-13 18:48:45'),
	('1100002394739', '路灯（诚一路口）', '过户删除', '长城伟业', 'active', 1, '2026-05-13 18:18:00', '2026-05-13 18:48:45'),
	('1100002394740', '路灯（四维南）', '过户删除', '长城伟业', 'active', 1, '2026-05-13 18:18:00', '2026-05-13 18:48:45'),
	('1100002394741', '路灯（行政大厅南）', '过户删除', '长城伟业', 'active', 1, '2026-05-13 18:18:00', '2026-05-13 18:48:45'),
	('1100002394742', '路灯（东明红绿灯）', '过户删除', '长城伟业', 'active', 1, '2026-05-13 18:18:00', '2026-05-13 18:48:45'),
	('1100002394743', '路灯（诚泰东侧）', '过户删除', '长城伟业', 'active', 1, '2026-05-13 18:18:00', '2026-05-13 18:48:45'),
	('1100002396177', '路灯（水厂路口北侧）', '过户删除', '长城伟业', 'active', 1, '2026-05-13 18:18:00', '2026-05-13 18:48:45'),
	('1100002396178', '路灯（喇叭沟门企业门口）', '过户删除', '长城伟业', 'active', 1, '2026-05-13 18:18:00', '2026-05-13 18:48:45'),
	('1100002396187', '胜利村委会（保安公司）', '企业使用', '长城伟业', 'active', 1, '2026-05-13 18:18:00', '2026-05-13 18:48:45'),
	('1100002397175', '路灯（大北农门口）', '过户删除', '长城伟业', 'active', 1, '2026-05-13 18:18:00', '2026-05-13 18:48:45'),
	('1100002397279', '路灯（碧水源西侧）', '过户删除', '长城伟业', 'active', 1, '2026-05-13 18:18:00', '2026-05-13 18:48:45'),
	('1100002397280', '路灯（六必居南）', '过户删除', '长城伟业', 'active', 1, '2026-05-13 18:18:00', '2026-05-13 18:48:45'),
	('1100002397281', '路灯(热力中心北)', '过户删除', '长城伟业', 'active', 1, '2026-05-13 18:18:00', '2026-05-13 18:48:45'),
	('1100002397282', '路灯（清畅电力北）', '过户删除', '长城伟业', 'active', 1, '2026-05-13 18:18:00', '2026-05-13 18:48:45'),
	('1100002397283', '路灯（管委会西）', '过户删除', '长城伟业', 'active', 1, '2026-05-13 18:18:00', '2026-05-13 18:48:45'),
	('1100002397284', '路灯（管委会东）', '过户删除', '长城伟业', 'active', 1, '2026-05-13 18:18:00', '2026-05-13 18:48:45'),
	('1100002541365', '奥瑞金厂房（有研院）', '企业使用', '长城伟业', 'active', 1, '2026-05-13 18:18:00', '2026-05-13 18:48:45'),
	('1100002672494', '奥康达', '无人使用', '长城伟业', 'active', 1, '2026-05-13 18:18:00', '2026-05-13 18:48:45'),
	('1100002673833', '路灯（杨雁路与北大街路口）', '过户删除', '长城伟业', 'active', 1, '2026-05-13 18:18:00', '2026-05-13 18:48:45'),
	('1100003228177', '长城伟业办公楼（市场交易）', '企业使用', '长城伟业', 'active', 1, '2026-05-13 18:18:00', '2026-05-13 18:48:45'),
	('1100007811119', 'C区路口（聚火运动）', '企业使用', '长城伟业', 'active', 1, '2026-05-13 18:18:00', '2026-05-13 18:48:45'),
	('1100008731441', '沙河路（中科佰能）', '企业使用', '长城伟业', 'active', 1, '2026-05-13 18:18:00', '2026-05-13 18:48:45');
INSERT INTO public.meters VALUES
	('1100015091808', '福利华厂房', '企业使用', '长城伟业', 'active', 1, '2026-05-13 18:18:00', '2026-05-13 18:48:45'),
	('1100015667289', '路灯（南大门西侧）', '过户删除', '长城伟业', 'active', 1, '2026-05-13 18:18:00', '2026-05-13 18:48:45'),
	('1100016024351', '雁阳汽配', '无人使用', '长城伟业', 'active', 1, '2026-05-13 18:18:00', '2026-05-13 18:48:45'),
	('1100018893364', '警务工作站（建行、普麟淇）', '企业使用', '长城伟业', 'active', 1, '2026-05-13 18:18:00', '2026-05-13 18:48:45'),
	('1100021250297', '瑞奥电气（品恩）', '企业使用', '长城伟业', 'active', 1, '2026-05-13 18:18:00', '2026-05-13 18:48:45'),
	('1100021531196', '博萨北厂（建工）（市场交易）', '企业使用', '长城伟业', 'active', 1, '2026-05-13 18:18:00', '2026-05-13 18:48:45'),
	('1101002365597', '创业园（市场交易）', '别人负责', '长城伟业', 'active', 1, '2026-05-13 18:18:00', '2026-05-13 18:48:45'),
	('1101020624030', '河防口(LED屏)低压', '低压', '长城伟业', 'active', 1, '2026-05-13 18:18:00', '2026-05-13 18:48:45'),
	('1101036948784', '众达特250', '企业使用', '长城伟业', 'active', 1, '2026-05-13 18:18:00', '2026-05-13 18:48:45'),
	('1101039508361', '古诺凡希柱变', '无人使用', '长城伟业', 'active', 1, '2026-05-13 18:18:00', '2026-05-13 18:48:45'),
	('1101044904893', '碳纳米管厂房（市场交易）', '企业使用', '长城伟业', 'active', 1, '2026-05-13 18:18:00', '2026-05-13 18:48:45'),
	('1101046808054', '路灯（京密北五街与东二路）', '过户删除', '长城伟业', 'active', 1, '2026-05-13 18:18:00', '2026-05-13 18:48:45'),
	('1101046808067', '路灯（京密北二街与东一路）', '过户删除', '长城伟业', 'active', 1, '2026-05-13 18:18:00', '2026-05-13 18:48:45'),
	('1101046808126', '路灯（京密北四街与东一路）', '过户删除', '长城伟业', 'active', 1, '2026-05-13 18:18:00', '2026-05-13 18:48:45'),
	('1101046808201', '路灯（京密北二街与西一路）', '过户删除', '长城伟业', 'active', 1, '2026-05-13 18:18:00', '2026-05-13 18:48:45'),
	('1101046808230', '路灯（京密北三街与东二路）', '过户删除', '长城伟业', 'active', 1, '2026-05-13 18:18:00', '2026-05-13 18:48:45'),
	('1101050351034', '古诺凡希箱变', '无人使用', '长城伟业', 'active', 1, '2026-05-13 18:18:00', '2026-05-13 18:48:45'),
	('1101065890520', '人才服务中心（市场交易）', '企业使用', '长城伟业', 'active', 1, '2026-05-13 18:18:00', '2026-05-13 18:48:45'),
	('1101073155026', '晨益药业（缴费户）', '无人使用', '长城伟业', 'active', 1, '2026-05-13 18:18:00', '2026-05-13 18:48:45'),
	('1150000006960', '晟通供暖站', '企业使用', '长城伟业', 'active', 1, '2026-05-13 18:18:00', '2026-05-13 18:48:45'),
	('1150000016239', '刮拉瓶盖', '电费过户', '长城伟业', 'active', 1, '2026-05-13 18:18:00', '2026-05-13 18:48:45'),
	('1100003214972', '东1-2号厂房', '企业使用', '长城伟业', 'active', 1, '2026-05-13 18:18:00', '2026-05-13 18:48:45'),
	('1100002328797', '丰顺华达（原植保机械厂）', '无人使用', '丰顺华达', 'active', 1, '2026-05-13 18:18:00', '2026-05-13 18:48:45'),
	('1100004223405', '雁栖创惠（青苗学校）', '企业使用', '创惠', 'active', 1, '2026-05-13 18:18:00', '2026-05-13 18:48:45'),
	('1100011609719', '雁栖地产（林语）', '无人使用', '房地产', 'active', 1, '2026-05-13 18:18:00', '2026-05-13 18:48:45'),
	('1101068916180', '雁栖地产（栖美园公寓）', '别人负责', '房地产', 'active', 1, '2026-05-13 18:18:00', '2026-05-13 18:48:45'),
	('[1100002327018]', '众达特', '企业使用', '长城伟业', 'active', 1, '2026-05-01 19:39:02', '2026-05-01 19:39:02'),
	('[1100002328736]', '大型轮胎厂（建工青年公寓）', '企业使用', '长城伟业', 'active', 1, '2026-05-01 19:39:02', '2026-05-01 19:39:02'),
	('[1100002328763]', '路灯（沥青厂路口）', '过户删除', '长城伟业', 'active', 1, '2026-05-01 19:39:02', '2026-05-01 19:39:02'),
	('[1100002328768]', '益客兴盛', '无人使用', '长城伟业', 'active', 1, '2026-05-01 19:39:02', '2026-05-01 19:39:02'),
	('[1100002328769]', '有研粉末（鑫世纪学校）', '企业使用', '长城伟业', 'active', 1, '2026-05-01 19:39:02', '2026-05-01 19:39:02'),
	('[1100002328770]', '雁阳汽配（城建中联康施工用）', '无人使用', '长城伟业', 'active', 1, '2026-05-01 19:39:02', '2026-05-01 19:39:02'),
	('[1100002328794]', '天威院外（清平乐、明萌）', '企业使用', '长城伟业', 'active', 1, '2026-05-01 19:39:02', '2026-05-01 19:39:02'),
	('[1100002328822]', '金台有色（东明）', '企业使用', '长城伟业', 'active', 1, '2026-05-01 19:39:02', '2026-05-01 19:39:02'),
	('[1100002328830]', '古诺凡希', '无人使用', '长城伟业', 'active', 1, '2026-05-01 19:39:02', '2026-05-01 19:39:02'),
	('[1100002328845]', '飞勇科技', '无人使用', '长城伟业', 'active', 1, '2026-05-01 19:39:02', '2026-05-01 19:39:02'),
	('[1100002328848]', '凯利特（市场交易）', '别人负责', '长城伟业', 'active', 1, '2026-05-01 19:39:02', '2026-05-01 19:39:02'),
	('[1100002330237]', '四维厂房（耐克森）', '企业使用', '长城伟业', 'active', 1, '2026-05-01 19:39:02', '2026-05-01 19:39:02'),
	('[1100002330248]', '雁栖园小区', '企业使用', '长城伟业', 'active', 1, '2026-05-01 19:39:02', '2026-05-01 19:39:02'),
	('[1100002330249]', '波尔亚太', '无人使用', '长城伟业', 'active', 1, '2026-05-01 19:39:02', '2026-05-01 19:39:02'),
	('[1100002330250]', '吉斯（钽钛）', '企业使用', '长城伟业', 'active', 1, '2026-05-01 19:39:02', '2026-05-01 19:39:02'),
	('[1100002330253]', '路灯（创业中心前）', '过户删除', '长城伟业', 'active', 1, '2026-05-01 19:39:02', '2026-05-01 19:39:02'),
	('[1100002332001]', '圣尼斯厂房（金鑫龙、怀羽）市场交易', '企业使用', '长城伟业', 'active', 1, '2026-05-01 19:39:02', '2026-05-01 19:39:02'),
	('[1100002332122]', '威亚厂房（固芯能源）（伟业）', '企业使用', '长城伟业', 'active', 1, '2026-05-01 19:39:02', '2026-05-01 19:39:02'),
	('[1100002332194]', '高山厂房（叁参）', '企业使用', '长城伟业', 'active', 1, '2026-05-01 19:39:02', '2026-05-01 19:39:02'),
	('[1100002332339]', '祥雨汽配（祝成物业）', '企业使用', '长城伟业', 'active', 1, '2026-05-01 19:39:02', '2026-05-01 19:39:02'),
	('[1100002332420]', '奇跃橡塑（晶达国际）', '企业使用', '长城伟业', 'active', 1, '2026-05-01 19:39:02', '2026-05-01 19:39:02'),
	('[1100002332537]', '亚洲泵业（春风药业）（市场交易）', '企业使用', '长城伟业', 'active', 1, '2026-05-01 19:39:02', '2026-05-01 19:39:02'),
	('[1100002332545]', '坤钢厂房', '企业使用', '长城伟业', 'active', 1, '2026-05-01 19:39:02', '2026-05-01 19:39:02'),
	('[1100002332814]', '二商厂房630kVA（蒙毅、北珂、瑞成）', '企业使用', '长城伟业', 'active', 1, '2026-05-01 19:39:02', '2026-05-01 19:39:02'),
	('[1100002332837]', '路灯（水厂路口）', '过户删除', '长城伟业', 'active', 1, '2026-05-01 19:39:02', '2026-05-01 19:39:02'),
	('[1100002332855]', '路灯（乐园大街东段）', '过户删除', '长城伟业', 'active', 1, '2026-05-01 19:39:02', '2026-05-01 19:39:02'),
	('[1100002333024]', '路灯（乐园大街西段）', '过户删除', '长城伟业', 'active', 1, '2026-05-01 19:39:02', '2026-05-01 19:39:02'),
	('[1100002333296]', '汤河口企业（中科长剑、）', '企业使用', '长城伟业', 'active', 1, '2026-05-01 19:39:02', '2026-05-01 19:39:02'),
	('[1100002394363]', '7、8、9号厂房（市场交易）', '企业使用', '长城伟业', 'active', 1, '2026-05-01 19:39:02', '2026-05-01 19:39:02'),
	('[1100002672494]', '奥康达', '无人使用', '长城伟业', 'active', 1, '2026-05-01 19:39:02', '2026-05-01 19:39:02'),
	('1150000031728', '雁栖中诚（二商配电室）中诚交', '企业使用', '雁栖中诚', 'active', 1, '2026-05-13 18:18:00', '2026-05-13 18:48:45'),
	('1150001507674', '威亚厂房（固芯能源）中诚交', '企业使用', '雁栖中诚', 'active', 1, '2026-05-13 18:18:00', '2026-05-13 18:48:45'),
	('1100002153369', '胜利苗圃（密云）', '无人使用', '长城伟业', 'active', 1, '2026-05-13 18:18:00', '2026-05-13 18:48:45'),
	('1100002330254', '热力西站', '别人负责', '长城伟业', 'active', 1, '2026-05-13 18:18:00', '2026-05-13 18:48:45'),
	('999', 'test', 'test', 'test', 'active', 1, '2026-06-30 00:21:35', '2026-06-30 00:25:00'),
	('test002', 'Updated', '', '', 'active', 1, '2026-06-30 00:35:43', '2026-06-30 00:35:51');


--
-- Data for Name: payment_history; Type: TABLE DATA; Schema: public; Owner: -
--

INSERT INTO public.payment_history VALUES
	(1, 156, '[999]', '2026-06', 50, '', '????', '2026-06-30 00:27:12');


--
-- Data for Name: receivables; Type: TABLE DATA; Schema: public; Owner: -
--

INSERT INTO public.receivables VALUES
	(104, '[1150000031728]', '2026-05', 2127.31, 0, '北京大华博科智能科技有限公司', 'pending', NULL, NULL, NULL, 1, '2026-06-07 16:50:15', '2026-06-07 16:50:15'),
	(105, '[1150000031728]', '2026-05', 1454.04, 0, '虚壹静几科技（北京）有限公司', 'pending', NULL, NULL, NULL, 1, '2026-06-07 16:50:15', '2026-06-07 16:50:15'),
	(106, '[1150000031728]', '2026-05', 5183.05, 0, '北京怀柔北珂新能源科技有限公司', 'pending', NULL, NULL, NULL, 1, '2026-06-07 16:50:15', '2026-06-07 16:50:15'),
	(107, '[1150000031728]', '2026-05', 35517.52, 0, '北京瑞成医疗器械有限公司', 'pending', NULL, NULL, NULL, 1, '2026-06-07 16:50:15', '2026-06-07 16:50:15'),
	(108, '[1150000031728]', '2026-05', 4046.88, 0, '北京鼎味晟兴餐饮管理有限公司', 'pending', NULL, NULL, NULL, 1, '2026-06-07 16:50:15', '2026-06-07 16:50:15'),
	(109, '[1150000031728]', '2026-05', 428.83, 0, '北京星鑫科技有限公司', 'pending', NULL, NULL, NULL, 1, '2026-06-07 16:50:15', '2026-06-07 16:50:15'),
	(110, '[1150000031728]', '2026-05', 164121.56, 0, '国联汽车动力电池研究院有限责任公司', 'pending', NULL, NULL, NULL, 1, '2026-06-07 16:50:15', '2026-06-07 16:50:15'),
	(111, '[1150000031728]', '2026-05', 338.48, 0, '北京丘比食品有限公司', 'pending', NULL, NULL, NULL, 1, '2026-06-07 16:50:15', '2026-06-07 16:50:15'),
	(112, '[1150000031728]', '2026-05', 1754.14, 0, '中固时代（北京）新能源科技有限公司', 'pending', NULL, NULL, NULL, 1, '2026-06-07 16:50:15', '2026-06-07 16:50:15'),
	(113, '[1150000031728]', '2026-05', 35244.87, 0, '国标（北京）检验认证有限公司', 'pending', NULL, NULL, NULL, 1, '2026-06-07 16:50:15', '2026-06-07 16:50:15'),
	(114, '[1150001507674]', '2026-05', 739.71, 0, '北京固芯能源科技有限公司', 'pending', NULL, NULL, NULL, 1, '2026-06-07 16:50:15', '2026-06-07 16:50:15'),
	(115, '[1100007811119]', '2026-05', 3991.73, 0, '北京聚火空间体育文化发展有限公司', 'pending', NULL, NULL, NULL, 1, '2026-06-07 16:50:39', '2026-06-07 16:50:39'),
	(116, '[1100002332537]', '2026-05', 7038.8, 0, '北京春风药业有限公司', 'pending', NULL, NULL, NULL, 1, '2026-06-07 16:50:39', '2026-06-07 16:50:39'),
	(117, '[1100021531196]', '2026-05', 12082.65, 0, '北京建工集团有限责任公司', 'pending', NULL, NULL, NULL, 1, '2026-06-07 16:50:39', '2026-06-07 16:50:39'),
	(118, '[1100002328822]', '2026-05', 2679.06, 0, '东明兴业科技股份有限公司', 'pending', NULL, NULL, NULL, 1, '2026-06-07 16:50:39', '2026-06-07 16:50:39'),
	(119, '[1100021250297]', '2026-05', 16795.8, 0, '北京品恩智赋安防科技服务有限公司', 'pending', NULL, NULL, NULL, 1, '2026-06-07 16:50:39', '2026-06-07 16:50:39'),
	(120, '[1100003214972]', '2026-05', 6920.88, 0, '北京机科国创轻量化研究院有限公司', 'pending', NULL, NULL, NULL, 1, '2026-06-07 16:50:39', '2026-06-07 16:50:39'),
	(121, '[1100002328769]', '2026-05', 4014.62, 0, '北京怀柔鑫世纪职业技能培训学校', 'pending', NULL, NULL, NULL, 1, '2026-06-07 16:50:39', '2026-06-07 16:50:39'),
	(122, '[1100015091808]', '2026-05', 1128.5, 0, '北京悠智航宇科技有限公司', 'pending', NULL, NULL, NULL, 1, '2026-06-07 16:50:39', '2026-06-07 16:50:39'),
	(123, '[1100002327018]', '2026-05', 1388.78, 0, '北京源都宏业物流有限公司怀柔分公司', 'pending', NULL, NULL, NULL, 1, '2026-06-07 16:50:39', '2026-06-07 16:50:39'),
	(124, '[1101036948784]', '2026-05', 3130.54, 0, '北京源都宏业物流有限公司怀柔分公司', 'pending', NULL, NULL, NULL, 1, '2026-06-07 16:50:39', '2026-06-07 16:50:39'),
	(125, '[1100002332420]', '2026-05', 439.24, 0, '毅远（北京）国际供应链管理有限公司', 'pending', NULL, NULL, NULL, 1, '2026-06-07 16:50:39', '2026-06-07 16:50:39'),
	(126, '[1100002332420]', '2026-05', 4163.95, 0, '北京明扬速达运输有限公司', 'pending', NULL, NULL, NULL, 1, '2026-06-07 16:50:39', '2026-06-07 16:50:39'),
	(127, '[1101044904893]', '2026-05', 5105.89, 0, '中国科学院力学研究所（梯度仪）', 'pending', NULL, NULL, NULL, 1, '2026-06-07 16:50:39', '2026-06-07 16:50:39'),
	(128, '[1100002330237]', '2026-05', 9974.88, 0, '北京博瑞卫生消毒服务有限公司', 'pending', NULL, NULL, NULL, 1, '2026-06-07 16:50:39', '2026-06-07 16:50:39'),
	(129, '[1100002328794]', '2026-05', 470.87, 0, '北京明萌建筑工程有限责任公司', 'pending', NULL, NULL, NULL, 1, '2026-06-07 16:50:39', '2026-06-07 16:50:39'),
	(130, '[1100002328794]', '2026-05', 603.13, 0, '北京清平乐科技发展有限公司', 'pending', NULL, NULL, NULL, 1, '2026-06-07 16:50:39', '2026-06-07 16:50:39'),
	(131, '[1100002541365]', '2026-05', 208.69, 0, '北自(北京)检测科技发展有限公司', 'pending', NULL, NULL, NULL, 1, '2026-06-07 16:50:39', '2026-06-07 16:50:39'),
	(132, '[1100002541365]', '2026-05', 508.09, 0, '北京卓瑞盈科技发展有限公司', 'pending', NULL, NULL, NULL, 1, '2026-06-07 16:50:39', '2026-06-07 16:50:39'),
	(133, '[1100002541365]', '2026-05', 62849.48, 0, '有研工程技术研究院有限公司', 'pending', NULL, NULL, NULL, 1, '2026-06-07 16:50:39', '2026-06-07 16:50:39'),
	(134, '[1101044904893]', '2026-05', 3326.34, 0, '中科星动力（北京）科技有限公司', 'pending', NULL, NULL, NULL, 1, '2026-06-07 16:50:39', '2026-06-07 16:50:39'),
	(135, '[1101044904893]', '2026-05', 48197.04, 0, '中科量仪（北京）科技有限公司', 'pending', NULL, NULL, NULL, 1, '2026-06-07 16:50:39', '2026-06-07 16:50:39'),
	(136, '[1101044904893]', '2026-05', 32232.84, 0, '中科艾科米（北京）科技有限公司', 'pending', NULL, NULL, NULL, 1, '2026-06-07 16:50:39', '2026-06-07 16:50:39'),
	(137, '[1100002394363]', '2026-05', 26991.16, 0, '北京航宇恒先科技有限公司', 'pending', NULL, NULL, NULL, 1, '2026-06-07 16:50:39', '2026-06-07 16:50:39'),
	(138, '[1100002394363]', '2026-05', 3102.18, 0, '海普欧泰克液压设备（北京）股份有限公司', 'pending', NULL, NULL, NULL, 1, '2026-06-07 16:50:39', '2026-06-07 16:50:39'),
	(139, '[1100002332001]', '2026-05', 2000.9, 0, '北京怀羽体育俱乐部', 'pending', NULL, NULL, NULL, 1, '2026-06-07 16:50:39', '2026-06-07 16:50:39'),
	(140, '[1100002332001]', '2026-05', 1677.06, 0, '北京金鑫龙汽车配件制造有限公司', 'pending', NULL, NULL, NULL, 1, '2026-06-07 16:50:39', '2026-06-07 16:50:39'),
	(141, '[1100018893364]', '2026-05', 2129.56, 0, '中国建设银行股份有限公司北京市分行', 'pending', NULL, NULL, NULL, 1, '2026-06-07 16:50:39', '2026-06-07 16:50:39'),
	(142, '[1100018893364]', '2026-05', 500.77, 0, '北京普麟淇贸易有限公司', 'pending', NULL, NULL, NULL, 1, '2026-06-07 16:50:39', '2026-06-07 16:50:39'),
	(143, '[1100002330254]', '2026-05', 18340.61, 0, '北京科卫临床诊断试剂有限公司', 'pending', NULL, NULL, NULL, 1, '2026-06-07 16:50:39', '2026-06-07 16:50:39'),
	(144, '[1100002330254]', '2026-05', 5981, 0, '北京桃李体育发展有限公司', 'pending', NULL, NULL, NULL, 1, '2026-06-07 16:50:39', '2026-06-07 16:50:39'),
	(145, '[1100002328736]', '2026-05', 4075.95, 0, '北京国际建设集团有限公司', 'pending', NULL, NULL, NULL, 1, '2026-06-07 16:50:39', '2026-06-07 16:50:39'),
	(146, '[1100002328830]', '2026-05', 31.75, 0, '北京人民艺术剧院', 'pending', NULL, NULL, NULL, 1, '2026-06-07 16:50:39', '2026-06-07 16:50:39'),
	(147, '[1100002332194]', '2026-05', 748.78, 0, '北京叁参研学科技有限公司', 'pending', NULL, NULL, NULL, 1, '2026-06-07 16:50:39', '2026-06-07 16:50:39'),
	(148, '[1100002396187]', '2026-05', 5593.45, 0, '北京安泰保安服务有限公司', 'pending', NULL, NULL, NULL, 1, '2026-06-07 16:50:39', '2026-06-07 16:50:39'),
	(149, '[1100002330237]', '2026-05', 9579.52, 0, '耐柯森（北京）工业技术有限公司', 'pending', NULL, NULL, NULL, 1, '2026-06-07 16:50:39', '2026-06-07 16:50:39'),
	(150, '[1100002330237]', '2026-05', 2030.56, 0, '本然天地医疗科技（北京）有限公司', 'pending', NULL, NULL, NULL, 1, '2026-06-07 16:50:39', '2026-06-07 16:50:39'),
	(151, '[1100002330237]', '2026-05', 9913.41, 0, '北京中歆源生物科技有限公司', 'pending', NULL, NULL, NULL, 1, '2026-06-07 16:50:39', '2026-06-07 16:50:39'),
	(152, '[1100002332814]', '2026-05', 52145.99, 0, '北京炎和科技有限公司', 'pending', NULL, NULL, NULL, 1, '2026-06-07 16:50:39', '2026-06-07 16:50:39'),
	(153, '[1100002330250]', '2026-05', 2741.99, 0, '北京钽钛精密科技有限公司', 'pending', NULL, NULL, NULL, 1, '2026-06-07 16:50:39', '2026-06-07 16:50:39'),
	(154, '[1100004223405]', '2026-06', 18767.04, 18767.04, '北京市怀柔区青苗学校', 'paid', NULL, '2026-06-08', NULL, 1, '2026-06-07 19:28:10', '2026-06-08 08:47:33'),
	(156, '[999]', '2026-06', 100, 50, '????', 'partial', '', '', '', 1, '2026-06-30 00:24:40', '2026-06-30 00:27:12'),
	(158, '[test002]', '2026-06', 200, 0, 'TestCustomer', 'pending', '', '', '', 1, '2026-06-30 00:36:14', '2026-06-30 00:36:14'),
	(159, '[1100002327018]', '2026-06', 11, 0, '北京源都宏业物流有限公司怀柔分公司', 'pending', '', '', '', 1, '2026-06-30 01:10:02', '2026-06-30 01:10:02');


--
-- Data for Name: transactions; Type: TABLE DATA; Schema: public; Owner: -
--

INSERT INTO public.transactions VALUES
	(9185, '1100002327018', '2026-05', '电费支', 1388.78, NULL, 1, '2026-06-07 19:37:43'),
	(9186, '1100002327018', '2026-05', '电费收', 1388.78, '北京源都宏业物流有限公司怀柔分公司', 1, '2026-06-07 19:37:43'),
	(9187, '1100002327018', '2026-05', '电量支', 1678, NULL, 1, '2026-06-07 19:37:43'),
	(9188, '1100002327018', '2026-05', '电量收', 1678, '北京源都宏业物流有限公司怀柔分公司', 1, '2026-06-07 19:37:43'),
	(9189, '1100002328736', '2026-05', '电费支', 5760.22, NULL, 1, '2026-06-07 19:37:43'),
	(9190, '1100002328736', '2026-05', '电费收', 4075.95, '北京国际建设集团有限公司', 1, '2026-06-07 19:37:43'),
	(9191, '1100002328736', '2026-05', '电量支', 10740, NULL, 1, '2026-06-07 19:37:43'),
	(9192, '1100002328736', '2026-05', '电量收', 5281, '北京国际建设集团有限公司', 1, '2026-06-07 19:37:43'),
	(9193, '1100002328768', '2026-05', '电费支', 681.56, NULL, 1, '2026-06-07 19:37:43'),
	(9194, '1100002328768', '2026-05', '电量支', 393, NULL, 1, '2026-06-07 19:37:43'),
	(9195, '1100002328769', '2026-05', '电费支', 4014.62, NULL, 1, '2026-06-07 19:37:43'),
	(9196, '1100002328769', '2026-05', '电费收', 4014.62, '北京怀柔鑫世纪职业技能培训学校', 1, '2026-06-07 19:37:43'),
	(9197, '1100002328769', '2026-05', '电量支', 4372, NULL, 1, '2026-06-07 19:37:43'),
	(9198, '1100002328769', '2026-05', '电量收', 4372, '北京怀柔鑫世纪职业技能培训学校', 1, '2026-06-07 19:37:43'),
	(9199, '1100002328770', '2026-05', '电费支', 1358.19, NULL, 1, '2026-06-07 19:37:43'),
	(9200, '1100002328770', '2026-05', '电量支', 778, NULL, 1, '2026-06-07 19:37:43'),
	(9201, '1100002328794', '2026-05', '电费支', 2624.44, NULL, 1, '2026-06-07 19:37:43'),
	(9202, '1100002328794', '2026-05', '电费收', 470.87, '北京明萌建筑工程有限责任公司', 1, '2026-06-07 19:37:43'),
	(9203, '1100002328794', '2026-05', '电费收', 603.13, '北京清平乐科技发展有限公司', 1, '2026-06-07 19:37:43'),
	(9204, '1100002328794', '2026-05', '电量支', 2278, NULL, 1, '2026-06-07 19:37:43'),
	(9205, '1100002328794', '2026-05', '电量收', 541.9, '北京明萌建筑工程有限责任公司', 1, '2026-06-07 19:37:43'),
	(9206, '1100002328794', '2026-05', '电量收', 676.52, '北京清平乐科技发展有限公司', 1, '2026-06-07 19:37:43'),
	(9207, '1100002328797', '2026-05', '电费支', 463.12, NULL, 1, '2026-06-07 19:37:43'),
	(9208, '1100002328797', '2026-05', '电量支', 420, NULL, 1, '2026-06-07 19:37:43'),
	(9209, '1100002328822', '2026-05', '电费支', 2679.06, NULL, 1, '2026-06-07 19:37:43'),
	(9210, '1100002328822', '2026-05', '电费收', 2679.06, '东明兴业科技股份有限公司', 1, '2026-06-07 19:37:43'),
	(9211, '1100002328822', '2026-05', '电量支', 2508, NULL, 1, '2026-06-07 19:37:43'),
	(9212, '1100002328822', '2026-05', '电量收', 2508, '东明兴业科技股份有限公司', 1, '2026-06-07 19:37:43'),
	(9213, '1100002328830', '2026-05', '电费支', 2026.6, NULL, 1, '2026-06-07 19:37:43'),
	(9214, '1100002328830', '2026-05', '电费收', 31.75, '北京人民艺术剧院', 1, '2026-06-07 19:37:43'),
	(9215, '1100002328830', '2026-05', '电量支', 2264, NULL, 1, '2026-06-07 19:37:43'),
	(9216, '1100002328830', '2026-05', '电量收', 36.8, '北京人民艺术剧院', 1, '2026-06-07 19:37:43'),
	(9217, '1100002328845', '2026-05', '电费支', 776.33, NULL, 1, '2026-06-07 19:37:43'),
	(9218, '1100002328845', '2026-05', '电量支', 702, NULL, 1, '2026-06-07 19:37:43'),
	(9219, '1100002328848', '2026-05', '电费支', 51166.83, NULL, 1, '2026-06-07 19:37:43'),
	(9220, '1100002328848', '2026-05', '电量支', 58120, NULL, 1, '2026-06-07 19:37:43'),
	(9221, '1100002330237', '2026-05', '电费支', 37432.42, NULL, 1, '2026-06-07 19:37:43'),
	(9222, '1100002330237', '2026-05', '电费收', 9913.41, '北京中歆源生物科技有限公司', 1, '2026-06-07 19:37:43'),
	(9223, '1100002330237', '2026-05', '电费收', 9974.88, '北京博瑞卫生消毒服务有限公司', 1, '2026-06-07 19:37:43'),
	(9224, '1100002330237', '2026-05', '电费收', 2030.56, '本然天地医疗科技（北京）有限公司', 1, '2026-06-07 19:37:43'),
	(9225, '1100002330237', '2026-05', '电费收', 9579.52, '耐柯森（北京）工业技术有限公司', 1, '2026-06-07 19:37:43'),
	(9226, '1100002330237', '2026-05', '电量支', 36120, NULL, 1, '2026-06-07 19:37:43'),
	(9227, '1100002330237', '2026-05', '电量收', 6078, '北京中歆源生物科技有限公司', 1, '2026-06-07 19:37:43'),
	(9228, '1100002330237', '2026-05', '电量收', 9205, '北京博瑞卫生消毒服务有限公司', 1, '2026-06-07 19:37:43'),
	(9229, '1100002330237', '2026-05', '电量收', 585, '本然天地医疗科技（北京）有限公司', 1, '2026-06-07 19:37:43'),
	(9230, '1100002330237', '2026-05', '电量收', 4320, '耐柯森（北京）工业技术有限公司', 1, '2026-06-07 19:37:43'),
	(9231, '1100002330248', '2026-05', '电费支', 6172.28, NULL, 1, '2026-06-07 19:37:43'),
	(9232, '1100002330248', '2026-05', '电量支', 13170, NULL, 1, '2026-06-07 19:37:43'),
	(9233, '1100002330250', '2026-05', '电费支', 2741.99, NULL, 1, '2026-06-07 19:37:43'),
	(9234, '1100002330250', '2026-05', '电费收', 2741.99, '北京钽钛精密科技有限公司', 1, '2026-06-07 19:37:43'),
	(9235, '1100002330250', '2026-05', '电量支', 1843, NULL, 1, '2026-06-07 19:37:43'),
	(9236, '1100002330250', '2026-05', '电量收', 1843, '北京钽钛精密科技有限公司', 1, '2026-06-07 19:37:43'),
	(9237, '1100002330254', '2026-05', '电费收', 5981, '北京桃李体育发展有限公司', 1, '2026-06-07 19:37:43'),
	(9238, '1100002330254', '2026-05', '电费收', 18340.61, '北京科卫临床诊断试剂有限公司', 1, '2026-06-07 19:37:43'),
	(9239, '1100002330254', '2026-05', '电量收', 6180, '北京桃李体育发展有限公司', 1, '2026-06-07 19:37:43'),
	(9240, '1100002330254', '2026-05', '电量收', 11683.2, '北京科卫临床诊断试剂有限公司', 1, '2026-06-07 19:37:43'),
	(9241, '1100002332001', '2026-05', '电费支', 4253.99, NULL, 1, '2026-06-07 19:37:43'),
	(9242, '1100002332001', '2026-05', '电费收', 2000.9, '北京怀羽体育俱乐部', 1, '2026-06-07 19:37:43'),
	(9243, '1100002332001', '2026-05', '电费收', 1677.06, '北京金鑫龙汽车配件制造有限公司', 1, '2026-06-07 19:37:43'),
	(9244, '1100002332001', '2026-05', '电量支', 4452, NULL, 1, '2026-06-07 19:37:43'),
	(9245, '1100002332001', '2026-05', '电量收', 1959, '北京怀羽体育俱乐部', 1, '2026-06-07 19:37:43'),
	(9246, '1100002332001', '2026-05', '电量收', 1961.6, '北京金鑫龙汽车配件制造有限公司', 1, '2026-06-07 19:37:43'),
	(9247, '1100002332194', '2026-05', '电费支', 2450.62, NULL, 1, '2026-06-07 19:37:43'),
	(9248, '1100002332194', '2026-05', '电费收', 748.78, '北京叁参研学科技有限公司', 1, '2026-06-07 19:37:43'),
	(9249, '1100002332194', '2026-05', '电量支', 2460, NULL, 1, '2026-06-07 19:37:43'),
	(9250, '1100002332194', '2026-05', '电量收', 814.8, '北京叁参研学科技有限公司', 1, '2026-06-07 19:37:43'),
	(9251, '1100002332339', '2026-05', '电费支', 2429.83, NULL, 1, '2026-06-07 19:37:43'),
	(9252, '1100002332339', '2026-05', '电量支', 3201, NULL, 1, '2026-06-07 19:37:43'),
	(9253, '1100002332420', '2026-05', '电费支', 7018.45, NULL, 1, '2026-06-07 19:37:43'),
	(9254, '1100002332420', '2026-05', '电费收', 4163.95, '北京明扬速达运输有限公司', 1, '2026-06-07 19:37:43'),
	(9255, '1100002332420', '2026-05', '电费收', 439.24, '毅远（北京）国际供应链管理有限公司', 1, '2026-06-07 19:37:43'),
	(9256, '1100002332420', '2026-05', '电量支', 7130, NULL, 1, '2026-06-07 19:37:43'),
	(9257, '1100002332420', '2026-05', '电量收', 4045, '北京明扬速达运输有限公司', 1, '2026-06-07 19:37:43'),
	(9258, '1100002332420', '2026-05', '电量收', 520.12, '毅远（北京）国际供应链管理有限公司', 1, '2026-06-07 19:37:43'),
	(9259, '1100002332537', '2026-05', '电费支', 7038.8, NULL, 1, '2026-06-07 19:37:43'),
	(9260, '1100002332537', '2026-05', '电费收', 7038.8, '北京春风药业有限公司', 1, '2026-06-07 19:37:43'),
	(9261, '1100002332537', '2026-05', '电量支', 7888, NULL, 1, '2026-06-07 19:37:43'),
	(9262, '1100002332537', '2026-05', '电量收', 7888, '北京春风药业有限公司', 1, '2026-06-07 19:37:43'),
	(9263, '1100002332545', '2026-05', '电费支', 4345.47, NULL, 1, '2026-06-07 19:37:43'),
	(9264, '1100002332545', '2026-05', '电量支', 2640, NULL, 1, '2026-06-07 19:37:43'),
	(9265, '1100002332814', '2026-05', '电费支', 82452, NULL, 1, '2026-06-07 19:37:43'),
	(9266, '1100002332814', '2026-05', '电费收', 52145.99, '北京炎和科技有限公司', 1, '2026-06-07 19:37:43'),
	(9267, '1100002332814', '2026-05', '电量支', 96376, NULL, 1, '2026-06-07 19:37:43'),
	(9268, '1100002332814', '2026-05', '电量收', 61584, '北京炎和科技有限公司', 1, '2026-06-07 19:37:43'),
	(9269, '1100002333296', '2026-05', '电费支', 2768.04, NULL, 1, '2026-06-07 19:37:43'),
	(9270, '1100002333296', '2026-05', '电量支', 2758, NULL, 1, '2026-06-07 19:37:43'),
	(9271, '1100002394363', '2026-05', '电费支', 48202.82, NULL, 1, '2026-06-07 19:37:43'),
	(9272, '1100002394363', '2026-05', '电费收', 26991.16, '北京航宇恒先科技有限公司', 1, '2026-06-07 19:37:43'),
	(9273, '1100002394363', '2026-05', '电费收', 3102.18, '海普欧泰克液压设备（北京）股份有限公司', 1, '2026-06-07 19:37:43'),
	(9274, '1100002394363', '2026-05', '电量支', 55080, NULL, 1, '2026-06-07 19:37:43'),
	(9275, '1100002394363', '2026-05', '电量收', 31920, '北京航宇恒先科技有限公司', 1, '2026-06-07 19:37:43'),
	(9276, '1100002394363', '2026-05', '电量收', 3369.6, '海普欧泰克液压设备（北京）股份有限公司', 1, '2026-06-07 19:37:43'),
	(9277, '1100002396187', '2026-05', '电费支', 5092.92, NULL, 1, '2026-06-07 19:37:43'),
	(9278, '1100002396187', '2026-05', '电费收', 5593.45, '北京安泰保安服务有限公司', 1, '2026-06-07 19:37:43'),
	(9279, '1100002396187', '2026-05', '电量支', 5791, NULL, 1, '2026-06-07 19:37:43'),
	(9280, '1100002396187', '2026-05', '电量收', 6498.4, '北京安泰保安服务有限公司', 1, '2026-06-07 19:37:43'),
	(9281, '1100002541365', '2026-05', '电费支', 64069.95, NULL, 1, '2026-06-07 19:37:43'),
	(9282, '1100002541365', '2026-05', '电费收', 508.09, '北京卓瑞盈科技发展有限公司', 1, '2026-06-07 19:37:43'),
	(9283, '1100002541365', '2026-05', '电费收', 208.69, '北自(北京)检测科技发展有限公司', 1, '2026-06-07 19:37:43'),
	(9284, '1100002541365', '2026-05', '电费收', 62849.48, '有研工程技术研究院有限公司', 1, '2026-06-07 19:37:43');
INSERT INTO public.transactions VALUES
	(9285, '1100002541365', '2026-05', '电量支', 71700, NULL, 1, '2026-06-07 19:37:43'),
	(9286, '1100002541365', '2026-05', '电量收', 562.4, '北京卓瑞盈科技发展有限公司', 1, '2026-06-07 19:37:43'),
	(9287, '1100002541365', '2026-05', '电量收', 235, '北自(北京)检测科技发展有限公司', 1, '2026-06-07 19:37:43'),
	(9288, '1100002541365', '2026-05', '电量收', 70682.6, '有研工程技术研究院有限公司', 1, '2026-06-07 19:37:43'),
	(9289, '1100002672494', '2026-05', '电费支', 1322.04, NULL, 1, '2026-06-07 19:37:43'),
	(9290, '1100002672494', '2026-05', '电量支', 1520, NULL, 1, '2026-06-07 19:37:43'),
	(9291, '1100003214972', '2026-05', '电费支', 6920.88, NULL, 1, '2026-06-07 19:37:43'),
	(9292, '1100003214972', '2026-05', '电费收', 6920.88, '北京机科国创轻量化研究院有限公司', 1, '2026-06-07 19:37:43'),
	(9293, '1100003214972', '2026-05', '电量支', 6105, NULL, 1, '2026-06-07 19:37:43'),
	(9294, '1100003214972', '2026-05', '电量收', 6105, '北京机科国创轻量化研究院有限公司', 1, '2026-06-07 19:37:43'),
	(9295, '1100003228177', '2026-05', '电费支', 101775.33, NULL, 1, '2026-06-07 19:37:43'),
	(9296, '1100003228177', '2026-05', '电量支', 114420, NULL, 1, '2026-06-07 19:37:43'),
	(9297, '1100004223405', '2026-05', '电费支', 18767.04, NULL, 1, '2026-06-07 19:37:43'),
	(9298, '1100004223405', '2026-05', '电量支', 20287, NULL, 1, '2026-06-07 19:37:43'),
	(9299, '1100004223405', '2026-06', '电费收', 18767.04, '北京市怀柔区青苗学校', 1, '2026-06-07 19:37:43'),
	(9300, '1100004223405', '2026-06', '电量收', 20287, '北京市怀柔区青苗学校', 1, '2026-06-07 19:37:43'),
	(9301, '1100007811119', '2026-05', '电费支', 3991.73, NULL, 1, '2026-06-07 19:37:43'),
	(9302, '1100007811119', '2026-05', '电费收', 3991.73, '北京聚火空间体育文化发展有限公司', 1, '2026-06-07 19:37:43'),
	(9303, '1100007811119', '2026-05', '电量支', 3872, NULL, 1, '2026-06-07 19:37:43'),
	(9304, '1100007811119', '2026-05', '电量收', 3872, '北京聚火空间体育文化发展有限公司', 1, '2026-06-07 19:37:43'),
	(9305, '1100008731441', '2026-05', '电费支', 3167.41, NULL, 1, '2026-06-07 19:37:43'),
	(9306, '1100008731441', '2026-05', '电量支', 3491, NULL, 1, '2026-06-07 19:37:43'),
	(9307, '1100011609719', '2026-05', '电费支', 717.23, NULL, 1, '2026-06-07 19:37:43'),
	(9308, '1100011609719', '2026-05', '电量支', 816, NULL, 1, '2026-06-07 19:37:43'),
	(9309, '1100015091808', '2026-05', '电费支', 1128.5, NULL, 1, '2026-06-07 19:37:43'),
	(9310, '1100015091808', '2026-05', '电费收', 1128.5, '北京悠智航宇科技有限公司', 1, '2026-06-07 19:37:43'),
	(9311, '1100015091808', '2026-05', '电量支', 1135, NULL, 1, '2026-06-07 19:37:43'),
	(9312, '1100015091808', '2026-05', '电量收', 1135, '北京悠智航宇科技有限公司', 1, '2026-06-07 19:37:43'),
	(9313, '1100016024351', '2026-05', '电费支', 745.83, NULL, 1, '2026-06-07 19:37:43'),
	(9314, '1100016024351', '2026-05', '电量支', 720, NULL, 1, '2026-06-07 19:37:43'),
	(9315, '1100018893364', '2026-05', '电费支', 4235.37, NULL, 1, '2026-06-07 19:37:43'),
	(9316, '1100018893364', '2026-05', '电费收', 2129.56, '中国建设银行股份有限公司北京市分行', 1, '2026-06-07 19:37:43'),
	(9317, '1100018893364', '2026-05', '电费收', 500.77, '北京普麟淇贸易有限公司', 1, '2026-06-07 19:37:43'),
	(9318, '1100018893364', '2026-05', '电量支', 4923, NULL, 1, '2026-06-07 19:37:43'),
	(9319, '1100018893364', '2026-05', '电量收', 2484, '中国建设银行股份有限公司北京市分行', 1, '2026-06-07 19:37:43'),
	(9320, '1100018893364', '2026-05', '电量收', 600.8, '北京普麟淇贸易有限公司', 1, '2026-06-07 19:37:43'),
	(9321, '1100021250297', '2026-05', '电费支', 16795.8, NULL, 1, '2026-06-07 19:37:43'),
	(9322, '1100021250297', '2026-05', '电费收', 16795.8, '北京品恩智赋安防科技服务有限公司', 1, '2026-06-07 19:37:43'),
	(9323, '1100021250297', '2026-05', '电量支', 19448, NULL, 1, '2026-06-07 19:37:43'),
	(9324, '1100021250297', '2026-05', '电量收', 19448, '北京品恩智赋安防科技服务有限公司', 1, '2026-06-07 19:37:43'),
	(9325, '1100021531196', '2026-05', '电费支', 12082.65, NULL, 1, '2026-06-07 19:37:43'),
	(9326, '1100021531196', '2026-05', '电费收', 12082.65, '北京建工集团有限责任公司', 1, '2026-06-07 19:37:43'),
	(9327, '1100021531196', '2026-05', '电量支', 14450, NULL, 1, '2026-06-07 19:37:43'),
	(9328, '1100021531196', '2026-05', '电量收', 14450, '北京建工集团有限责任公司', 1, '2026-06-07 19:37:43'),
	(9329, '1101002365597', '2026-05', '电费支', 123961.81, NULL, 1, '2026-06-07 19:37:43'),
	(9330, '1101002365597', '2026-05', '电量支', 88950, NULL, 1, '2026-06-07 19:37:43'),
	(9331, '1101020624030', '2026-05', '电费支', 1.74, NULL, 1, '2026-06-07 19:37:43'),
	(9332, '1101020624030', '2026-05', '电量支', 2, NULL, 1, '2026-06-07 19:37:43'),
	(9333, '1101036948784', '2026-05', '电费支', 3130.54, NULL, 1, '2026-06-07 19:37:43'),
	(9334, '1101036948784', '2026-05', '电费收', 3130.54, '北京源都宏业物流有限公司怀柔分公司', 1, '2026-06-07 19:37:43'),
	(9335, '1101036948784', '2026-05', '电量支', 3353, NULL, 1, '2026-06-07 19:37:43'),
	(9336, '1101036948784', '2026-05', '电量收', 3353, '北京源都宏业物流有限公司怀柔分公司', 1, '2026-06-07 19:37:43'),
	(9337, '1101039508361', '2026-05', '电费支', 421.26, NULL, 1, '2026-06-07 19:37:43'),
	(9338, '1101039508361', '2026-05', '电量支', 305, NULL, 1, '2026-06-07 19:37:43'),
	(9339, '1101044904893', '2026-05', '电费支', 216529.68, NULL, 1, '2026-06-07 19:37:43'),
	(9340, '1101044904893', '2026-05', '电费收', 5105.89, '中国科学院力学研究所（梯度仪）', 1, '2026-06-07 19:37:43'),
	(9341, '1101044904893', '2026-05', '电费收', 3326.34, '中科星动力（北京）科技有限公司', 1, '2026-06-07 19:37:43'),
	(9342, '1101044904893', '2026-05', '电费收', 32232.84, '中科艾科米（北京）科技有限公司', 1, '2026-06-07 19:37:43'),
	(9343, '1101044904893', '2026-05', '电费收', 48197.04, '中科量仪（北京）科技有限公司', 1, '2026-06-07 19:37:43'),
	(9344, '1101044904893', '2026-05', '电量支', 255200, NULL, 1, '2026-06-07 19:37:43'),
	(9345, '1101044904893', '2026-05', '电量收', 3155.4, '中国科学院力学研究所（梯度仪）', 1, '2026-06-07 19:37:43'),
	(9346, '1101044904893', '2026-05', '电量收', 396, '中科星动力（北京）科技有限公司', 1, '2026-06-07 19:37:43'),
	(9347, '1101044904893', '2026-05', '电量收', 34965, '中科艾科米（北京）科技有限公司', 1, '2026-06-07 19:37:43'),
	(9348, '1101044904893', '2026-05', '电量收', 50435.2, '中科量仪（北京）科技有限公司', 1, '2026-06-07 19:37:43'),
	(9349, '1101050351034', '2026-05', '电费支', 1765.03, NULL, 1, '2026-06-07 19:37:43'),
	(9350, '1101050351034', '2026-05', '电量支', 1056, NULL, 1, '2026-06-07 19:37:43'),
	(9351, '1101065890520', '2026-05', '电费支', 48702.22, NULL, 1, '2026-06-07 19:37:43'),
	(9352, '1101065890520', '2026-05', '电量支', 56250, NULL, 1, '2026-06-07 19:37:43'),
	(9353, '1101068916180', '2026-05', '电费支', 14496.66, NULL, 1, '2026-06-07 19:37:43'),
	(9354, '1101068916180', '2026-05', '电量支', 31290, NULL, 1, '2026-06-07 19:37:43'),
	(9355, '1150000006960', '2026-05', '电费支', 757.54, NULL, 1, '2026-06-07 19:37:43'),
	(9356, '1150000006960', '2026-05', '电量支', 532, NULL, 1, '2026-06-07 19:37:43'),
	(9357, '1150000031728', '2026-05', '电费支', 334629.27, NULL, 1, '2026-06-07 19:37:43'),
	(9358, '1150000031728', '2026-05', '电费收', 1754.14, '中固时代（北京）新能源科技有限公司', 1, '2026-06-07 19:37:43'),
	(9359, '1150000031728', '2026-05', '电费收', 338.48, '北京丘比食品有限公司', 1, '2026-06-07 19:37:43'),
	(9360, '1150000031728', '2026-05', '电费收', 2127.31, '北京大华博科智能科技有限公司', 1, '2026-06-07 19:37:43'),
	(9361, '1150000031728', '2026-05', '电费收', 5183.05, '北京怀柔北珂新能源科技有限公司', 1, '2026-06-07 19:37:43'),
	(9362, '1150000031728', '2026-05', '电费收', 428.83, '北京星鑫科技有限公司', 1, '2026-06-07 19:37:43'),
	(9363, '1150000031728', '2026-05', '电费收', 35517.52, '北京瑞成医疗器械有限公司', 1, '2026-06-07 19:37:43'),
	(9364, '1150000031728', '2026-05', '电费收', 4046.88, '北京鼎味晟兴餐饮管理有限公司', 1, '2026-06-07 19:37:43'),
	(9365, '1150000031728', '2026-05', '电费收', 35244.87, '国标（北京）检验认证有限公司', 1, '2026-06-07 19:37:43'),
	(9366, '1150000031728', '2026-05', '电费收', 164121.56, '国联汽车动力电池研究院有限责任公司', 1, '2026-06-07 19:37:43'),
	(9367, '1150000031728', '2026-05', '电费收', 1454.04, '虚壹静几科技（北京）有限公司', 1, '2026-06-07 19:37:43'),
	(9368, '1150000031728', '2026-05', '电量支', 317060, NULL, 1, '2026-06-07 19:37:43'),
	(9369, '1150000031728', '2026-05', '电量收', 225, '中固时代（北京）新能源科技有限公司', 1, '2026-06-07 19:37:43'),
	(9370, '1150000031728', '2026-05', '电量收', 26.3, '北京丘比食品有限公司', 1, '2026-06-07 19:37:43'),
	(9371, '1150000031728', '2026-05', '电量收', 754.42, '北京大华博科智能科技有限公司', 1, '2026-06-07 19:37:43'),
	(9372, '1150000031728', '2026-05', '电量收', 89, '北京怀柔北珂新能源科技有限公司', 1, '2026-06-07 19:37:43'),
	(9373, '1150000031728', '2026-05', '电量收', 407.96, '北京星鑫科技有限公司', 1, '2026-06-07 19:37:43'),
	(9374, '1150000031728', '2026-05', '电量收', 44991, '北京瑞成医疗器械有限公司', 1, '2026-06-07 19:37:43'),
	(9375, '1150000031728', '2026-05', '电量收', 2841, '北京鼎味晟兴餐饮管理有限公司', 1, '2026-06-07 19:37:43'),
	(9376, '1150000031728', '2026-05', '电量收', 13628, '国标（北京）检验认证有限公司', 1, '2026-06-07 19:37:43'),
	(9377, '1150000031728', '2026-05', '电量收', 161777.28, '国联汽车动力电池研究院有限责任公司', 1, '2026-06-07 19:37:43'),
	(9378, '1150000031728', '2026-05', '电量收', 702.97, '虚壹静几科技（北京）有限公司', 1, '2026-06-07 19:37:43'),
	(9379, '1150001507674', '2026-05', '电费支', 1739.38, NULL, 1, '2026-06-07 19:37:43'),
	(9380, '1150001507674', '2026-05', '电费收', 739.71, '北京固芯能源科技有限公司', 1, '2026-06-07 19:37:43'),
	(9381, '1150001507674', '2026-05', '电量支', 1725, NULL, 1, '2026-06-07 19:37:43'),
	(9382, '1150001507674', '2026-05', '电量收', 312, '北京固芯能源科技有限公司', 1, '2026-06-07 19:37:43'),
	(9579, '999', '2026-06', '电费收', 100, '????', 1, '2026-06-30 00:24:40'),
	(9580, '999', '2026-06', '电费支', 150, NULL, 1, '2026-06-30 00:30:22');
INSERT INTO public.transactions VALUES
	(9581, 'test002', '2026-06', '电费收', 200, 'TestCustomer', 1, '2026-06-30 00:36:14'),
	(9582, 'test002', '2026-06', '电费支', 150, NULL, 1, '2026-06-30 00:36:45'),
	(9583, '1100002327018', '2026-06', '电费收', 11, '北京源都宏业物流有限公司怀柔分公司', 1, '2026-06-30 01:10:02'),
	(9584, '1100002327018', '2026-06', '电量收', 11, '北京源都宏业物流有限公司怀柔分公司', 1, '2026-06-30 01:10:02'),
	(9585, 'test002', '2026-06', '电量支', 10, NULL, 1, '2026-06-30 01:16:01');


--
-- Data for Name: users; Type: TABLE DATA; Schema: public; Owner: -
--

INSERT INTO public.users VALUES
	(1, '管理员', '2026-06-30 14:15:32.23007'),
	(2, '王君好', '2026-06-30 14:20:09.277318'),
	(3, 'test_user', '2026-06-30 16:37:31.474755');


--
-- Name: audit_log_id_seq; Type: SEQUENCE SET; Schema: public; Owner: -
--

SELECT pg_catalog.setval('public.audit_log_id_seq', 1, false);


--
-- Name: customer_meters_id_seq; Type: SEQUENCE SET; Schema: public; Owner: -
--

SELECT pg_catalog.setval('public.customer_meters_id_seq', 1, false);


--
-- Name: customers_id_seq; Type: SEQUENCE SET; Schema: public; Owner: -
--

SELECT pg_catalog.setval('public.customers_id_seq', 1, false);


--
-- Name: payment_history_id_seq; Type: SEQUENCE SET; Schema: public; Owner: -
--

SELECT pg_catalog.setval('public.payment_history_id_seq', 1, false);


--
-- Name: receivables_id_seq; Type: SEQUENCE SET; Schema: public; Owner: -
--

SELECT pg_catalog.setval('public.receivables_id_seq', 1, false);


--
-- Name: transactions_id_seq; Type: SEQUENCE SET; Schema: public; Owner: -
--

SELECT pg_catalog.setval('public.transactions_id_seq', 1, false);


--
-- Name: users_id_seq; Type: SEQUENCE SET; Schema: public; Owner: -
--

SELECT pg_catalog.setval('public.users_id_seq', 3, true);


--
-- PostgreSQL database dump complete
--

\unrestrict zoCpV8OHxo9buwcgHfSgUu3iewTZn88Um5n6fz9GzC7FUTQyiaSRRoLjcCQhuUg

